{
  "Get List Users" : {
    "transaction" : "Get List Users",
    "sampleCount" : 100,
    "errorCount" : 0,
    "errorPct" : 0.0,
    "meanResTime" : 55.630000000000024,
    "medianResTime" : 52.0,
    "minResTime" : 41.0,
    "maxResTime" : 124.0,
    "pct1ResTime" : 67.70000000000002,
    "pct2ResTime" : 84.74999999999994,
    "pct3ResTime" : 123.77999999999989,
    "throughput" : 10.124531740407006,
    "receivedKBytesPerSec" : 16.94731921383011,
    "sentKBytesPerSec" : 1.2556792295231345
  },
  "Get Single User" : {
    "transaction" : "Get Single User",
    "sampleCount" : 100,
    "errorCount" : 0,
    "errorPct" : 0.0,
    "meanResTime" : 55.85000000000001,
    "medianResTime" : 53.0,
    "minResTime" : 40.0,
    "maxResTime" : 114.0,
    "pct1ResTime" : 67.9,
    "pct2ResTime" : 86.59999999999991,
    "pct3ResTime" : 113.99,
    "throughput" : 10.12555690562981,
    "receivedKBytesPerSec" : 9.868067157756178,
    "sentKBytesPerSec" : 1.2063651782098017
  },
  "Total" : {
    "transaction" : "Total",
    "sampleCount" : 300,
    "errorCount" : 0,
    "errorPct" : 0.0,
    "meanResTime" : 205.14999999999986,
    "medianResTime" : 58.0,
    "minResTime" : 40.0,
    "maxResTime" : 577.0,
    "pct1ResTime" : 515.0,
    "pct2ResTime" : 524.95,
    "pct3ResTime" : 557.9300000000001,
    "throughput" : 28.61230329041488,
    "receivedKBytesPerSec" : 31.892938572961373,
    "sentKBytesPerSec" : 4.479986289938007
  },
  "POST Create" : {
    "transaction" : "POST Create",
    "sampleCount" : 100,
    "errorCount" : 0,
    "errorPct" : 0.0,
    "meanResTime" : 503.9699999999999,
    "medianResTime" : 502.0,
    "minResTime" : 467.0,
    "maxResTime" : 577.0,
    "pct1ResTime" : 534.5,
    "pct2ResTime" : 547.9,
    "pct3ResTime" : 576.8299999999999,
    "throughput" : 9.633911368015413,
    "receivedKBytesPerSec" : 6.700554702552986,
    "sentKBytesPerSec" : 2.182683044315992
  }
}